STATE/UT,DISTRICT,YEAR,MURDER,ATTEMPT TO MURDER,DOWRY DEATHS,CRUELTY BY HUSBAND OR HIS RELATIVES,TOTAL IPC CRIMES
MAHARASHTRA,AHMEDNAGAR,2001,97,41,0,496,4391
MAHARASHTRA,AKOLA,2001,64,41,2,189,4020
MAHARASHTRA,AMRAVATI COMMR.,2001,44,29,10,55,2837
MAHARASHTRA,AMRAVATI RURAL,2001,72,23,4,92,3655
MAHARASHTRA,AURANGABAD COMMR.,2001,36,27,4,102,2351
MAHARASHTRA,AURANGABAD RURAL,2001,61,12,6,247,2708
MAHARASHTRA,BEED,2001,68,43,2,177,3644
MAHARASHTRA,BHANDARA,2001,32,22,5,60,2252
MAHARASHTRA,BULDHANA,2001,49,32,35,223,3701
MAHARASHTRA,CHANDRAPUR,2001,49,26,2,144,3123
MAHARASHTRA,DHULE,2001,48,25,6,127,2040
MAHARASHTRA,GADCHIROLI,2001,47,24,0,57,1364
MAHARASHTRA,GONDIA,2001,41,17,4,80,2006
MAHARASHTRA,HINGOLI,2001,36,27,2,134,1841
MAHARASHTRA,JALGAON,2001,83,44,5,389,4014
MAHARASHTRA,JALNA,2001,43,24,5,172,2529
MAHARASHTRA,KOLHAPUR,2001,54,33,19,80,3162
MAHARASHTRA,LATUR,2001,42,17,38,150,3044
MAHARASHTRA,MUMBAI,2001,295,200,18,198,28968
MAHARASHTRA,MUMBAI RLY.,2001,12,9,0,0,2023
MAHARASHTRA,NAGPUR COMMR.,2001,112,70,7,218,9912
MAHARASHTRA,NAGPUR RLY.,2001,12,1,2,0,1056
MAHARASHTRA,NAGPUR RURAL,2001,101,56,3,141,5680
MAHARASHTRA,NANDED,2001,80,66,21,202,5348
MAHARASHTRA,NANDURBAR,2001,44,20,2,78,1079
MAHARASHTRA,NASIK COMMR.,2001,25,14,3,99,2195
MAHARASHTRA,NASIK RURAL,2001,92,54,7,339,4880
MAHARASHTRA,NAVI MUMBAI,2001,34,18,5,57,3063
MAHARASHTRA,OSMANABAD,2001,48,13,2,102,2702
MAHARASHTRA,PARBHANI,2001,49,28,1,120,2475
MAHARASHTRA,PUNE COMMR.,2001,71,44,2,147,8936
MAHARASHTRA,PUNE RLY.,2001,4,1,0,0,386
MAHARASHTRA,PUNE RURAL,2001,119,41,5,165,4380
MAHARASHTRA,RAIGAD,2001,53,11,1,55,2218
MAHARASHTRA,RATNAGIRI,2001,17,5,0,62,1431
MAHARASHTRA,SANGLI,2001,85,24,12,96,2999
MAHARASHTRA,SATARA,2001,57,19,13,179,3465
MAHARASHTRA,SINDHUDURG,2001,14,4,0,8,821
MAHARASHTRA,SOLAPUR COMMR.,2001,30,14,6,62,1567
MAHARASHTRA,SOLAPUR RURAL,2001,101,30,6,90,3145
MAHARASHTRA,THANE COMMR.,2001,133,81,6,212,6616
MAHARASHTRA,THANE RURAL,2001,140,33,6,104,3780
MAHARASHTRA,WARDHA,2001,60,25,9,89,3443
MAHARASHTRA,WASHIM,2001,29,21,10,116,1826
MAHARASHTRA,YAVATMAL,2001,56,45,12,177,4157
MAHARASHTRA,TOTAL,2001,2839,1454,308,6090,171233
MAHARASHTRA,AHMEDNAGAR,2002,82,45,8,280,4506
MAHARASHTRA,AKOLA,2002,59,34,4,156,3886
MAHARASHTRA,AMRAVATI COMMR.,2002,27,25,4,68,2665
MAHARASHTRA,AMRAVATI RURAL,2002,58,36,5,95,3922
MAHARASHTRA,AURANGABAD COMMR.,2002,32,18,7,110,2440
MAHARASHTRA,AURANGABAD RURAL,2002,50,29,24,208,2703
MAHARASHTRA,BEED,2002,69,51,2,158,3288
MAHARASHTRA,BHANDARA,2002,36,13,3,70,2258
MAHARASHTRA,BULDHANA,2002,50,35,17,162,3665
MAHARASHTRA,CHANDRAPUR,2002,52,19,3,116,2970
MAHARASHTRA,DHULE,2002,46,25,7,124,2149
MAHARASHTRA,GADCHIROLI,2002,51,33,0,65,1403
MAHARASHTRA,GONDIA,2002,44,16,4,70,1959
MAHARASHTRA,HINGOLI,2002,32,15,6,98,1629
MAHARASHTRA,JALGAON,2002,81,39,10,219,4302
MAHARASHTRA,JALNA,2002,48,28,5,199,2326
MAHARASHTRA,KOLHAPUR,2002,65,42,20,70,2990
MAHARASHTRA,LATUR,2002,39,27,5,125,2832
MAHARASHTRA,MUMBAI,2002,252,134,18,214,26276
MAHARASHTRA,MUMBAI RLY.,2002,3,3,0,0,1942
MAHARASHTRA,NAGPUR COMMR.,2002,98,54,4,210,8722
MAHARASHTRA,NAGPUR RLY.,2002,7,2,0,0,1052
MAHARASHTRA,NAGPUR RURAL,2002,95,35,7,98,5053
MAHARASHTRA,NANDED,2002,83,85,24,241,5799
MAHARASHTRA,NANDURBAR,2002,26,9,2,75,1178
MAHARASHTRA,NASIK COMMR.,2002,25,9,3,136,2521
MAHARASHTRA,NASIK RURAL,2002,90,44,8,375,4783
MAHARASHTRA,NAVI MUMBAI,2002,48,21,6,34,3071
MAHARASHTRA,OSMANABAD,2002,46,17,0,115,2656
MAHARASHTRA,PARBHANI,2002,55,31,5,137,2366
MAHARASHTRA,PUNE COMMR.,2002,95,42,5,131,8504
MAHARASHTRA,PUNE RLY.,2002,1,3,0,0,409
MAHARASHTRA,PUNE RURAL,2002,141,37,4,175,4518
MAHARASHTRA,RAIGAD,2002,43,21,13,54,2149
MAHARASHTRA,RATNAGIRI,2002,26,6,0,23,1222
MAHARASHTRA,SANGLI,2002,97,29,4,63,2688
MAHARASHTRA,SATARA,2002,83,17,13,156,3341
MAHARASHTRA,SINDHUDURG,2002,18,7,1,11,781
MAHARASHTRA,SOLAPUR COMMR.,2002,27,39,4,62,1597
MAHARASHTRA,SOLAPUR RURAL,2002,79,40,1,74,2835
MAHARASHTRA,THANE COMMR.,2002,128,68,3,175,6419
MAHARASHTRA,THANE RURAL,2002,122,41,16,81,4010
MAHARASHTRA,WARDHA,2002,49,31,2,79,3493
MAHARASHTRA,WASHIM,2002,34,13,9,99,1875
MAHARASHTRA,YAVATMAL,2002,76,67,17,142,4309
MAHARASHTRA,TOTAL,2002,2768,1435,303,5353,165462


MAHARASHTRA,AHMEDNAGAR,2003,101,38,15,287,4251
MAHARASHTRA,AKOLA,2003,48,38,9,132,3900
MAHARASHTRA,AMRAVATI COMMR.,2003,31,25,3,77,2986
MAHARASHTRA,AMRAVATI RURAL,2003,53,38,8,151,3763
MAHARASHTRA,AURANGABAD COMMR.,2003,28,26,4,130,2286
MAHARASHTRA,AURANGABAD RURAL,2003,60,24,32,190,2675
MAHARASHTRA,BEED,2003,72,55,10,186,3887
MAHARASHTRA,BHANDARA,2003,30,7,7,69,2313
MAHARASHTRA,BULDHANA,2003,53,33,61,164,3821
MAHARASHTRA,CHANDRAPUR,2003,41,21,3,101,3033
MAHARASHTRA,DHULE,2003,32,13,2,90,1754
MAHARASHTRA,GADCHIROLI,2003,58,28,2,81,1501
MAHARASHTRA,GONDIA,2003,41,13,6,74,1875
MAHARASHTRA,HINGOLI,2003,28,29,1,112,1735
MAHARASHTRA,JALGAON,2003,82,39,8,239,3927
MAHARASHTRA,JALNA,2003,53,25,15,204,2430
MAHARASHTRA,KOLHAPUR,2003,66,40,25,64,3358
MAHARASHTRA,LATUR,2003,56,34,31,80,3074
MAHARASHTRA,MUMBAI,2003,242,115,8,199,25686
MAHARASHTRA,MUMBAI RLY.,2003,9,8,1,0,1841
MAHARASHTRA,NAGPUR COMMR.,2003,104,40,4,136,7357
MAHARASHTRA,NAGPUR RLY.,2003,8,2,0,0,1169
MAHARASHTRA,NAGPUR RURAL,2003,73,28,5,111,4644
MAHARASHTRA,NANDED,2003,71,90,16,229,5829
MAHARASHTRA,NANDURBAR,2003,43,13,2,77,1283
MAHARASHTRA,NASIK COMMR.,2003,27,20,4,116,2542
MAHARASHTRA,NASIK RURAL,2003,110,46,3,358,4384
MAHARASHTRA,NAVI MUMBAI,2003,50,19,6,55,2861
MAHARASHTRA,OSMANABAD,2003,38,16,3,92,2507
MAHARASHTRA,PARBHANI,2003,52,30,7,149,2350
MAHARASHTRA,PUNE COMMR.,2003,110,54,2,166,8813
MAHARASHTRA,PUNE RLY.,2003,0,0,0,0,261
MAHARASHTRA,PUNE RURAL,2003,127,26,7,165,4479
MAHARASHTRA,RAIGAD,2003,50,22,2,57,2179
MAHARASHTRA,RATNAGIRI,2003,20,14,0,47,1272
MAHARASHTRA,SANGLI,2003,78,24,7,87,2713
MAHARASHTRA,SATARA,2003,61,20,8,156,3164
MAHARASHTRA,SINDHUDURG,2003,14,4,1,3,810
MAHARASHTRA,SOLAPUR COMMR.,2003,22,15,4,72,1682
MAHARASHTRA,SOLAPUR RURAL,2003,112,50,4,130,3230
MAHARASHTRA,THANE COMMR.,2003,111,63,4,153,6708
MAHARASHTRA,THANE RURAL,2003,149,49,6,107,4008
MAHARASHTRA,WARDHA,2003,48,26,1,67,3783
MAHARASHTRA,WASHIM,2003,27,24,9,119,1959
MAHARASHTRA,YAVATMAL,2003,83,68,12,170,4223
MAHARASHTRA,TOTAL,2003,2772,1412,368,5452,164306


MAHARASHTRA,AHMEDNAGAR,2004,98,57,0,277,4738
MAHARASHTRA,AKOLA,2004,55,45,6,147,4354
MAHARASHTRA,AMRAVATI COMMR.,2004,19,20,1,54,2740
MAHARASHTRA,AMRAVATI RURAL,2004,60,28,9,104,3660
MAHARASHTRA,AURANGABAD COMMR.,2004,31,17,5,132,2326
MAHARASHTRA,AURANGABAD RURAL,2004,41,21,20,225,2777
MAHARASHTRA,BEED,2004,57,42,4,246,3936
MAHARASHTRA,BHANDARA,2004,22,11,1,52,2550
MAHARASHTRA,BULDHANA,2004,48,35,18,195,3705
MAHARASHTRA,CHANDRAPUR,2004,59,19,3,94,3539
MAHARASHTRA,DHULE,2004,32,16,1,96,2042
MAHARASHTRA,GADCHIROLI,2004,47,49,3,46,1367
MAHARASHTRA,GONDIA,2004,27,11,2,54,1898
MAHARASHTRA,HINGOLI,2004,35,25,1,85,1689
MAHARASHTRA,JALGAON,2004,83,39,6,323,4336
MAHARASHTRA,JALNA,2004,53,30,24,226,2603
MAHARASHTRA,KOLHAPUR,2004,54,54,29,78,3132
MAHARASHTRA,LATUR,2004,61,31,39,82,3382
MAHARASHTRA,MUMBAI,2004,253,127,13,248,29453
MAHARASHTRA,MUMBAI RLY.,2004,7,4,0,0,2020
MAHARASHTRA,NAGPUR COMMR.,2004,112,56,9,156,8518
MAHARASHTRA,NAGPUR RLY.,2004,5,1,0,0,1249
MAHARASHTRA,NAGPUR RURAL,2004,71,27,8,83,4884
MAHARASHTRA,NANDED,2004,91,82,16,198,5687
MAHARASHTRA,NANDURBAR,2004,35,17,1,82,1247
MAHARASHTRA,NASIK COMMR.,2004,19,13,4,126,2606
MAHARASHTRA,NASIK RURAL,2004,97,41,11,371,4344
MAHARASHTRA,NAVI MUMBAI,2004,61,32,2,51,3688
MAHARASHTRA,OSMANABAD,2004,46,15,1,105,2418
MAHARASHTRA,PARBHANI,2004,42,31,4,132,2444
MAHARASHTRA,PUNE COMMR.,2004,100,76,0,174,10754
MAHARASHTRA,PUNE RLY.,2004,4,0,0,0,186
MAHARASHTRA,PUNE RURAL,2004,132,31,10,154,4830
MAHARASHTRA,RAIGAD,2004,61,14,2,47,2127
MAHARASHTRA,RATNAGIRI,2004,16,8,1,44,1301
MAHARASHTRA,SANGLI,2004,69,26,3,85,2588
MAHARASHTRA,SATARA,2004,59,28,7,169,3288
MAHARASHTRA,SINDHUDURG,2004,10,4,0,6,791
MAHARASHTRA,SOLAPUR COMMR.,2004,20,13,2,60,1737
MAHARASHTRA,SOLAPUR RURAL,2004,96,43,10,124,2990
MAHARASHTRA,THANE COMMR.,2004,115,72,7,190,7286
MAHARASHTRA,THANE RURAL,2004,144,44,10,105,4250
MAHARASHTRA,WARDHA,2004,42,25,5,70,3692
MAHARASHTRA,WASHIM,2004,28,21,5,144,2233
MAHARASHTRA,YAVATMAL,2004,79,62,11,206,4917
MAHARASHTRA,TOTAL,2004,2696,1463,314,5646,176302


MAHARASHTRA,AHMEDNAGAR,2005,92,56,0,338,5241
MAHARASHTRA,AKOLA,2005,46,40,3,184,4594
MAHARASHTRA,AMRAVATI COMMR.,2005,30,25,2,57,2573
MAHARASHTRA,AMRAVATI RURAL,2005,78,23,10,132,3655
MAHARASHTRA,AURANGABAD COMMR.,2005,22,27,2,93,2476
MAHARASHTRA,AURANGABAD RURAL,2005,46,17,26,263,2715
MAHARASHTRA,BEED,2005,62,52,7,275,4324
MAHARASHTRA,BHANDARA,2005,27,11,3,67,2398
MAHARASHTRA,BULDHANA,2005,51,62,53,187,4240
MAHARASHTRA,CHANDRAPUR,2005,61,18,2,110,3446
MAHARASHTRA,DHULE,2005,47,30,10,110,2258
MAHARASHTRA,GADCHIROLI,2005,60,45,1,42,1266
MAHARASHTRA,GONDIA,2005,29,21,1,59,2108
MAHARASHTRA,HINGOLI,2005,34,11,2,106,1908
MAHARASHTRA,JALGAON,2005,74,55,4,301,4563
MAHARASHTRA,JALNA,2005,37,40,21,215,2880
MAHARASHTRA,KOLHAPUR,2005,65,62,22,76,3423
MAHARASHTRA,LATUR,2005,49,40,40,107,3379
MAHARASHTRA,MUMBAI,2005,212,136,9,336,31432
MAHARASHTRA,MUMBAI RLY.,2005,5,1,0,0,1818
MAHARASHTRA,NAGPUR COMMR.,2005,106,68,4,185,9605
MAHARASHTRA,NAGPUR RLY.,2005,9,2,0,0,1110
MAHARASHTRA,NAGPUR RURAL,2005,67,28,8,86,4815
MAHARASHTRA,NANDED,2005,70,112,17,239,5420
MAHARASHTRA,NANDURBAR,2005,27,22,3,73,1168
MAHARASHTRA,NASIK COMMR.,2005,28,17,0,121,2776
MAHARASHTRA,NASIK RURAL,2005,105,31,8,375,4513
MAHARASHTRA,NAVI MUMBAI,2005,51,21,9,63,3843
MAHARASHTRA,OSMANABAD,2005,41,19,1,118,3027
MAHARASHTRA,PARBHANI,2005,39,33,10,131,2383
MAHARASHTRA,PUNE COMMR.,2005,106,85,1,201,11817
MAHARASHTRA,PUNE RLY.,2005,1,1,0,0,208
MAHARASHTRA,PUNE RURAL,2005,123,43,6,172,5343
MAHARASHTRA,RAIGAD,2005,41,22,4,63,2322
MAHARASHTRA,RATNAGIRI,2005,21,3,2,40,1458
MAHARASHTRA,SANGLI,2005,77,12,7,105,3068
MAHARASHTRA,SATARA,2005,59,32,6,180,3777
MAHARASHTRA,SINDHUDURG,2005,15,8,0,4,853
MAHARASHTRA,SOLAPUR COMMR.,2005,24,15,1,47,1644
MAHARASHTRA,SOLAPUR RURAL,2005,97,38,6,127,3363
MAHARASHTRA,THANE COMMR.,2005,106,52,1,246,7664
MAHARASHTRA,THANE RURAL,2005,140,51,5,133,4600
MAHARASHTRA,WARDHA,2005,45,30,4,94,4018
MAHARASHTRA,WASHIM,2005,24,24,10,139,2096
MAHARASHTRA,YAVATMAL,2005,72,73,10,233,5439
MAHARASHTRA,TOTAL,2005,2621,1614,341,6233,187027


MAHARASHTRA,AHMEDNAGAR,2006,86,49,0,467,6173
MAHARASHTRA,AKOLA,2006,47,52,1,135,4222
MAHARASHTRA,AMRAVATI COMMR.,2006,27,14,3,76,2591
MAHARASHTRA,AMRAVATI RURAL,2006,67,32,4,131,3806
MAHARASHTRA,AURANGABAD COMMR.,2006,31,24,3,107,2766
MAHARASHTRA,AURANGABAD RURAL,2006,42,17,39,255,2591
MAHARASHTRA,BEED,2006,63,46,12,310,4380
MAHARASHTRA,BHANDARA,2006,35,18,4,89,2583
MAHARASHTRA,BULDHANA,2006,53,64,13,192,4152
MAHARASHTRA,CHANDRAPUR,2006,42,20,6,123,3703
MAHARASHTRA,DHULE,2006,38,33,6,189,2516
MAHARASHTRA,GADCHIROLI,2006,59,52,2,47,1278
MAHARASHTRA,GONDIA,2006,31,13,5,55,2296
MAHARASHTRA,HINGOLI,2006,41,25,8,100,1790
MAHARASHTRA,JALGAON,2006,75,53,14,305,4443
MAHARASHTRA,JALNA,2006,52,25,19,248,3011
MAHARASHTRA,KOLHAPUR,2006,65,45,25,132,3781
MAHARASHTRA,LATUR,2006,54,40,65,144,3902
MAHARASHTRA,MUMBAI COMMR.,2006,239,135,17,327,31070
MAHARASHTRA,MUMBAI RLY.,2006,16,0,0,0,1897
MAHARASHTRA,NAGPUR COMMR.,2006,85,51,7,180,9991
MAHARASHTRA,NAGPUR RLY.,2006,7,3,1,0,1089
MAHARASHTRA,NAGPUR RURAL,2006,74,24,5,67,4514
MAHARASHTRA,NANDED,2006,71,73,16,221,4828
MAHARASHTRA,NANDURBAR,2006,26,14,0,96,1266
MAHARASHTRA,NASIK COMMR.,2006,38,14,2,119,2951
MAHARASHTRA,NASIK RURAL,2006,77,40,7,331,4767
MAHARASHTRA,NAVI MUMBAI,2006,59,20,7,59,3994
MAHARASHTRA,OSMANABAD,2006,58,27,3,150,3227
MAHARASHTRA,PARBHANI,2006,69,47,10,162,2512
MAHARASHTRA,PUNE COMMR.,2006,104,99,6,236,11484
MAHARASHTRA,PUNE RLY.,2006,3,0,0,0,290
MAHARASHTRA,PUNE RURAL,2006,124,62,15,161,5573
MAHARASHTRA,RAIGAD,2006,54,27,0,58,2589
MAHARASHTRA,RATNAGIRI,2006,16,7,1,52,1634
MAHARASHTRA,SANGLI,2006,61,34,8,99,2668
MAHARASHTRA,SATARA,2006,64,40,8,255,4643
MAHARASHTRA,SINDHUDURG,2006,15,6,3,13,816
MAHARASHTRA,SOLAPUR COMMR.,2006,15,28,2,59,1786
MAHARASHTRA,SOLAPUR RURAL,2006,77,38,10,103,3652
MAHARASHTRA,THANE COMMR.,2006,106,89,4,269,8224
MAHARASHTRA,THANE RURAL,2006,152,46,6,147,4970
MAHARASHTRA,WARDHA,2006,49,28,2,134,4130
MAHARASHTRA,WASHIM,2006,28,19,10,134,2011
MAHARASHTRA,YAVATMAL,2006,61,87,8,201,5228
MAHARASHTRA,TOTAL,2006,2656,1680,387,6738,191788


MAHARASHTRA,AHMEDNAGAR,2007,99,73,3,475,6753
MAHARASHTRA,AKOLA,2007,38,43,3,165,4067
MAHARASHTRA,AMRAVATI COMMR.,2007,30,22,3,74,2643
MAHARASHTRA,AMRAVATI RURAL,2007,51,36,11,123,3692
MAHARASHTRA,AURANGABAD COMMR.,2007,37,27,11,171,3155
MAHARASHTRA,AURANGABAD RURAL,2007,57,19,39,256,3032
MAHARASHTRA,BEED,2007,69,50,18,353,4466
MAHARASHTRA,BHANDARA,2007,30,10,2,68,2554
MAHARASHTRA,BULDHANA,2007,56,41,12,256,3780
MAHARASHTRA,CHANDRAPUR,2007,59,23,5,169,4148
MAHARASHTRA,DHULE,2007,49,23,10,223,2681
MAHARASHTRA,GADCHIROLI,2007,53,47,3,44,1282
MAHARASHTRA,GONDIA,2007,34,14,3,51,1937
MAHARASHTRA,HINGOLI,2007,29,16,3,98,1597
MAHARASHTRA,JALGAON,2007,94,38,20,420,4599
MAHARASHTRA,JALNA,2007,52,22,31,266,2584
MAHARASHTRA,KOLHAPUR,2007,65,47,16,125,3989
MAHARASHTRA,LATUR,2007,73,37,66,107,3837
MAHARASHTRA,MUMBAI COMMR.,2007,230,116,17,380,30481
MAHARASHTRA,MUMBAI RLY.,2007,4,5,0,0,1966
MAHARASHTRA,NAGPUR COMMR.,2007,73,60,7,251,9791
MAHARASHTRA,NAGPUR RLY.,2007,4,1,0,0,1031
MAHARASHTRA,NAGPUR RURAL,2007,71,24,7,60,4436
MAHARASHTRA,NANDED,2007,83,82,19,213,4654
MAHARASHTRA,NANDURBAR,2007,32,19,3,94,1579
MAHARASHTRA,NASIK COMMR.,2007,33,26,1,127,3115
MAHARASHTRA,NASIK RURAL,2007,80,56,8,326,4899
MAHARASHTRA,NAVI MUMBAI,2007,45,22,5,53,4705
MAHARASHTRA,OSMANABAD,2007,44,24,2,172,3206
MAHARASHTRA,PARBHANI,2007,47,39,8,183,2743
MAHARASHTRA,PUNE COMMR.,2007,126,126,6,250,12818
MAHARASHTRA,PUNE RLY.,2007,6,0,0,0,392
MAHARASHTRA,PUNE RURAL,2007,130,51,17,203,6244
MAHARASHTRA,RAIGAD,2007,37,28,4,72,2391
MAHARASHTRA,RATNAGIRI,2007,19,4,2,48,1600
MAHARASHTRA,SANGLI,2007,74,24,11,116,2651
MAHARASHTRA,SATARA,2007,75,26,9,256,4335
MAHARASHTRA,SINDHUDURG,2007,17,3,4,8,782
MAHARASHTRA,SOLAPUR COMMR.,2007,22,24,0,81,1564
MAHARASHTRA,SOLAPUR RURAL,2007,77,53,4,128,4220
MAHARASHTRA,THANE COMMR.,2007,120,74,20,355,8911
MAHARASHTRA,THANE RURAL,2007,128,39,7,139,5267
MAHARASHTRA,WARDHA,2007,49,32,0,92,4026
MAHARASHTRA,WASHIM,2007,22,19,8,131,2155
MAHARASHTRA,YAVATMAL,2007,70,50,8,174,4949
MAHARASHTRA,TOTAL,2007,2693,1615,436,7356,195707


MAHARASHTRA,AHMEDNAGAR,2008,134,107,0,537,7070
MAHARASHTRA,AKOLA,2008,54,72,7,153,4132
MAHARASHTRA,AMRAVATI COMMR.,2008,18,30,4,85,2439
MAHARASHTRA,AMRAVATI RURAL,2008,75,27,3,146,4150
MAHARASHTRA,AURANGABAD COMMR.,2008,39,38,4,138,3452
MAHARASHTRA,AURANGABAD RURAL,2008,56,36,39,226,3347
MAHARASHTRA,BEED,2008,61,34,11,332,4500
MAHARASHTRA,BHANDARA,2008,28,14,0,73,2845
MAHARASHTRA,BULDHANA,2008,54,47,9,250,4494
MAHARASHTRA,CHANDRAPUR,2008,51,47,14,221,4456
MAHARASHTRA,DHULE,2008,54,38,3,196,2783
MAHARASHTRA,GADCHIROLI,2008,56,33,2,46,1195
MAHARASHTRA,GONDIA,2008,35,14,3,58,2023
MAHARASHTRA,HINGOLI,2008,43,29,7,99,1751
MAHARASHTRA,JALGAON,2008,83,57,18,456,4901
MAHARASHTRA,JALNA,2008,58,33,27,309,2832
MAHARASHTRA,KOLHAPUR,2008,59,26,17,153,4398
MAHARASHTRA,LATUR,2008,74,28,77,187,3681
MAHARASHTRA,MUMBAI COMMR.,2008,210,132,11,502,32770
MAHARASHTRA,MUMBAI RLY.,2008,8,1,1,0,2222
MAHARASHTRA,NAGPUR COMMR.,2008,100,57,7,237,8661
MAHARASHTRA,NAGPUR RLY.,2008,5,7,0,0,1247
MAHARASHTRA,NAGPUR RURAL,2008,77,45,7,95,4567
MAHARASHTRA,NANDED,2008,88,57,8,252,4778
MAHARASHTRA,NANDURBAR,2008,30,14,1,93,1501
MAHARASHTRA,NASIK COMMR.,2008,43,31,5,141,3813
MAHARASHTRA,NASIK RURAL,2008,90,55,5,287,4480
MAHARASHTRA,NAVI MUMBAI,2008,61,39,1,72,4686
MAHARASHTRA,OSMANABAD,2008,53,25,2,183,3072
MAHARASHTRA,PARBHANI,2008,49,37,15,204,2767
MAHARASHTRA,PUNE COMMR.,2008,137,141,7,273,14467
MAHARASHTRA,PUNE RLY.,2008,2,2,1,0,455
MAHARASHTRA,PUNE RURAL,2008,146,77,13,189,7183
MAHARASHTRA,RAIGAD,2008,43,31,5,41,2061
MAHARASHTRA,RATNAGIRI,2008,18,15,0,55,1561
MAHARASHTRA,SANGLI,2008,46,27,12,140,2909
MAHARASHTRA,SATARA,2008,60,27,3,164,4634
MAHARASHTRA,SINDHUDURG,2008,6,7,0,14,795
MAHARASHTRA,SOLAPUR COMMR.,2008,17,15,0,66,1684
MAHARASHTRA,SOLAPUR RURAL,2008,88,59,9,241,4720
MAHARASHTRA,THANE COMMR.,2008,99,76,12,384,9479
MAHARASHTRA,THANE RURAL,2008,147,39,7,134,5792
MAHARASHTRA,WARDHA,2008,36,27,5,116,4369
MAHARASHTRA,WASHIM,2008,30,29,2,110,2222
MAHARASHTRA,YAVATMAL,2008,74,55,6,171,4899
MAHARASHTRA,TOTAL,2008,2795,1837,390,7829,206243


MAHARASHTRA,AHMEDNAGAR,2009,81,75,0,557,6530
MAHARASHTRA,AKOLA,2009,43,68,10,131,4227
MAHARASHTRA,AMRAVATI COMMR.,2009,16,26,0,99,2629
MAHARASHTRA,AMRAVATI RURAL,2009,75,37,1,149,4209
MAHARASHTRA,AURANGABAD COMMR.,2009,37,46,5,159,3727
MAHARASHTRA,AURANGABAD RURAL,2009,44,37,28,248,2934
MAHARASHTRA,BEED,2009,80,53,16,389,4338
MAHARASHTRA,BHANDARA,2009,26,8,4,68,2259
MAHARASHTRA,BULDHANA,2009,53,59,27,221,4260
MAHARASHTRA,CHANDRAPUR,2009,49,33,9,158,4483
MAHARASHTRA,DHULE,2009,45,36,7,281,2662
MAHARASHTRA,GADCHIROLI,2009,66,45,1,27,1188
MAHARASHTRA,GONDIA,2009,43,23,3,48,1911
MAHARASHTRA,HINGOLI,2009,50,34,3,106,1667
MAHARASHTRA,JALGAON,2009,75,52,10,423,4737
MAHARASHTRA,JALNA,2009,55,38,25,346,2939
MAHARASHTRA,KOLHAPUR,2009,46,36,18,130,3917
MAHARASHTRA,LATUR,2009,70,36,15,159,3407
MAHARASHTRA,MUMBAI COMMR.,2009,217,160,15,434,31262
MAHARASHTRA,MUMBAI RLY.,2009,7,3,0,0,2347
MAHARASHTRA,NAGPUR COMMR.,2009,95,72,7,232,7785
MAHARASHTRA,NAGPUR RLY.,2009,4,3,0,0,1160
MAHARASHTRA,NAGPUR RURAL,2009,74,36,6,84,3983
MAHARASHTRA,NANDED,2009,102,71,30,346,4991
MAHARASHTRA,NANDURBAR,2009,43,13,1,75,1356
MAHARASHTRA,NASIK COMMR.,2009,41,28,5,131,4218
MAHARASHTRA,NASIK RURAL,2009,73,48,9,290,4840
MAHARASHTRA,NAVI MUMBAI,2009,45,41,6,84,4876
MAHARASHTRA,OSMANABAD,2009,33,23,3,153,2692
MAHARASHTRA,PARBHANI,2009,52,31,7,219,2708
MAHARASHTRA,PUNE COMMR.,2009,119,120,7,235,13848
MAHARASHTRA,PUNE RLY.,2009,3,3,0,0,541
MAHARASHTRA,PUNE RURAL,2009,125,61,9,218,7537
MAHARASHTRA,RAIGAD,2009,31,31,4,30,2053
MAHARASHTRA,RATNAGIRI,2009,24,4,0,51,1477
MAHARASHTRA,SANGLI,2009,67,32,12,66,2777
MAHARASHTRA,SATARA,2009,47,38,4,131,4350
MAHARASHTRA,SINDHUDURG,2009,11,5,1,11,872
MAHARASHTRA,SOLAPUR COMMR.,2009,18,19,0,68,1465
MAHARASHTRA,SOLAPUR RURAL,2009,80,68,5,210,4634
MAHARASHTRA,THANE COMMR.,2009,122,74,12,387,9570
MAHARASHTRA,THANE RURAL,2009,138,47,1,106,5420
MAHARASHTRA,WARDHA,2009,29,28,1,100,4041
MAHARASHTRA,WASHIM,2009,22,22,5,109,2121
MAHARASHTRA,YAVATMAL,2009,77,57,9,212,4650
MAHARASHTRA,TOTAL,2009,2653,1880,341,7681,199598


MAHARASHTRA,AHMEDNAGAR,2010,122,75,10,604,7215
MAHARASHTRA,AKOLA,2010,46,66,12,149,4472
MAHARASHTRA,AMRAVATI COMMR.,2010,11,30,3,96,3079
MAHARASHTRA,AMRAVATI RURAL,2010,64,37,2,135,4574
MAHARASHTRA,AURANGABAD COMMR.,2010,38,86,10,157,3953
MAHARASHTRA,AURANGABAD RURAL,2010,49,33,21,303,3223
MAHARASHTRA,BEED,2010,86,74,11,360,4049
MAHARASHTRA,BHANDARA,2010,24,7,3,61,2242
MAHARASHTRA,BULDHANA,2010,59,48,34,185,3972
MAHARASHTRA,CHANDRAPUR,2010,56,29,7,147,4006
MAHARASHTRA,DHULE,2010,48,54,6,234,2974
MAHARASHTRA,GADCHIROLI,2010,58,30,0,20,1082
MAHARASHTRA,GONDIA,2010,29,15,3,41,1982
MAHARASHTRA,HINGOLI,2010,38,36,1,115,1865
MAHARASHTRA,JALGAON,2010,94,71,11,425,5408
MAHARASHTRA,JALNA,2010,51,43,40,315,2960
MAHARASHTRA,KOLHAPUR,2010,52,30,18,96,3727
MAHARASHTRA,LATUR,2010,65,41,3,229,3513
MAHARASHTRA,MUMBAI COMMR.,2010,228,170,21,312,33932
MAHARASHTRA,MUMBAI RLY.,2010,6,7,0,0,2322
MAHARASHTRA,NAGPUR COMMR.,2010,88,69,8,175,7728
MAHARASHTRA,NAGPUR RLY.,2010,10,3,0,0,1135
MAHARASHTRA,NAGPUR RURAL,2010,86,29,8,56,3922
MAHARASHTRA,NANDED,2010,82,67,68,315,5312
MAHARASHTRA,NANDURBAR,2010,43,14,2,88,1542
MAHARASHTRA,NASIK COMMR.,2010,37,32,2,124,4484
MAHARASHTRA,NASIK RURAL,2010,91,49,6,344,5011
MAHARASHTRA,NAVI MUMBAI,2010,57,27,3,89,5873
MAHARASHTRA,OSMANABAD,2010,44,31,2,161,2831
MAHARASHTRA,PARBHANI,2010,41,49,5,209,3043
MAHARASHTRA,PUNE COMMR.,2010,129,94,4,214,13602
MAHARASHTRA,PUNE RLY.,2010,0,1,0,0,439
MAHARASHTRA,PUNE RURAL,2010,141,81,15,200,7741
MAHARASHTRA,RAIGAD,2010,44,22,0,49,2006
MAHARASHTRA,RATNAGIRI,2010,23,10,0,33,1604
MAHARASHTRA,SANGLI,2010,61,33,18,84,2922
MAHARASHTRA,SATARA,2010,43,59,0,170,4349
MAHARASHTRA,SINDHUDURG,2010,14,7,0,11,815
MAHARASHTRA,SOLAPUR COMMR.,2010,20,16,2,78,1623
MAHARASHTRA,SOLAPUR RURAL,2010,75,40,5,205,4751
MAHARASHTRA,THANE COMMR.,2010,107,72,9,365,9943
MAHARASHTRA,THANE RURAL,2010,135,46,6,120,6213
MAHARASHTRA,WARDHA,2010,41,29,2,93,3882
MAHARASHTRA,WASHIM,2010,40,21,5,102,2070
MAHARASHTRA,YAVATMAL,2010,68,43,7,165,4777
MAHARASHTRA,TOTAL,2010,2744,1926,393,7434,208168


MAHARASHTRA,AHMEDNAGAR,2011,107,108,32,677,7648
MAHARASHTRA,AKOLA,2011,46,43,13,140,4025
MAHARASHTRA,AMRAVATI COMMR.,2011,15,42,2,94,2931
MAHARASHTRA,AMRAVATI RURAL,2011,58,38,3,104,4228
MAHARASHTRA,AURANGABAD COMMR.,2011,41,118,7,122,3781
MAHARASHTRA,AURANGABAD RURAL,2011,60,48,36,212,3214
MAHARASHTRA,BEED,2011,61,72,11,378,4230
MAHARASHTRA,BHANDARA,2011,33,15,1,50,2077
MAHARASHTRA,BULDHANA,2011,60,41,14,194,3902
MAHARASHTRA,CHANDRAPUR,2011,50,39,4,109,3828
MAHARASHTRA,DHULE,2011,49,31,4,203,2749
MAHARASHTRA,GADCHIROLI,2011,82,27,0,23,957
MAHARASHTRA,GONDIA,2011,37,22,1,36,1947
MAHARASHTRA,HINGOLI,2011,39,33,0,82,1743
MAHARASHTRA,JALGAON,2011,81,72,8,364,5518
MAHARASHTRA,JALNA,2011,47,40,23,289,3017
MAHARASHTRA,KOLHAPUR,2011,65,41,19,121,4114
MAHARASHTRA,LATUR,2011,68,48,4,156,3418
MAHARASHTRA,MUMBAI COMMR.,2011,203,180,14,393,32647
MAHARASHTRA,MUMBAI RLY.,2011,12,2,0,0,2471
MAHARASHTRA,NAGPUR COMMR.,2011,114,74,4,174,8063
MAHARASHTRA,NAGPUR RLY.,2011,3,3,0,1,1235
MAHARASHTRA,NAGPUR RURAL,2011,65,31,11,62,3891
MAHARASHTRA,NANDED,2011,90,76,29,325,5162
MAHARASHTRA,NANDURBAR,2011,43,16,0,87,1486
MAHARASHTRA,NASIK COMMR.,2011,37,32,5,115,4512
MAHARASHTRA,NASIK RURAL,2011,86,59,5,298,4989
MAHARASHTRA,NAVI MUMBAI,2011,70,22,1,110,5658
MAHARASHTRA,OSMANABAD,2011,42,35,2,186,3083
MAHARASHTRA,PARBHANI,2011,58,64,5,215,2967
MAHARASHTRA,PUNE COMMR.,2011,110,118,8,251,12622
MAHARASHTRA,PUNE RLY.,2011,3,0,0,0,462
MAHARASHTRA,PUNE RURAL,2011,148,97,16,172,7902
MAHARASHTRA,RAIGAD,2011,39,16,2,42,1997
MAHARASHTRA,RATNAGIRI,2011,15,12,1,49,1463
MAHARASHTRA,SANGLI,2011,53,29,5,98,2743
MAHARASHTRA,SATARA,2011,55,40,2,179,4312
MAHARASHTRA,SINDHUDURG,2011,12,7,0,5,792
MAHARASHTRA,SOLAPUR COMMR.,2011,24,29,0,68,1965
MAHARASHTRA,SOLAPUR RURAL,2011,107,47,6,175,4716
MAHARASHTRA,THANE COMMR.,2011,127,65,8,342,9653
MAHARASHTRA,THANE RURAL,2011,147,61,10,57,6005
MAHARASHTRA,WARDHA,2011,37,33,3,62,3492
MAHARASHTRA,WASHIM,2011,35,32,12,118,2279
MAHARASHTRA,YAVATMAL,2011,84,47,8,198,5008
MAHARASHTRA,TOTAL,2011,2818,2105,339,7136,204902


MAHARASHTRA,AHMEDNAGAR,2012,111,91,23,576,7246
MAHARASHTRA,AKOLA,2012,42,34,4,87,3442
MAHARASHTRA,AMRAVATI COMMR.,2012,24,38,1,74,2713
MAHARASHTRA,AMRAVATI RURAL,2012,63,56,3,139,4442
MAHARASHTRA,AURANGABAD COMMR.,2012,46,55,4,120,3659
MAHARASHTRA,AURANGABAD RURAL,2012,74,49,18,298,3562
MAHARASHTRA,BEED,2012,84,71,8,378,4099
MAHARASHTRA,BHANDARA,2012,20,11,3,59,2019
MAHARASHTRA,BULDHANA,2012,49,38,27,193,3497
MAHARASHTRA,CHANDRAPUR,2012,44,33,4,125,3763
MAHARASHTRA,DHULE,2012,50,39,4,207,2542
MAHARASHTRA,GADCHIROLI,2012,57,69,0,12,981
MAHARASHTRA,GONDIA,2012,41,28,0,42,1772
MAHARASHTRA,HINGOLI,2012,25,16,6,88,1391
MAHARASHTRA,JALGAON,2012,102,77,1,409,4954
MAHARASHTRA,JALNA,2012,45,69,36,303,3051
MAHARASHTRA,KOLHAPUR,2012,63,39,17,148,4554
MAHARASHTRA,LATUR,2012,67,63,4,212,3237
MAHARASHTRA,MUMBAI COMMR.,2012,215,170,11,388,30508
MAHARASHTRA,MUMBAI RLY.,2012,8,3,1,0,2325
MAHARASHTRA,NAGPUR COMMR.,2012,88,85,6,166,8277
MAHARASHTRA,NAGPUR RLY.,2012,5,5,0,3,1292
MAHARASHTRA,NAGPUR RURAL,2012,55,30,7,76,3622
MAHARASHTRA,NANDED,2012,81,57,25,421,4668
MAHARASHTRA,NANDURBAR,2012,35,17,0,78,1358
MAHARASHTRA,NASIK COMMR.,2012,32,26,3,147,4390
MAHARASHTRA,NASIK RURAL,2012,87,63,17,319,5216
MAHARASHTRA,NAVI MUMBAI,2012,57,20,3,91,5157
MAHARASHTRA,OSMANABAD,2012,54,31,2,175,3055
MAHARASHTRA,PARBHANI,2012,34,63,3,242,2836
MAHARASHTRA,PUNE COMMR.,2012,110,124,9,215,12308
MAHARASHTRA,PUNE RLY.,2012,4,0,0,0,445
MAHARASHTRA,PUNE RURAL,2012,163,97,12,221,8433
MAHARASHTRA,RAIGAD,2012,40,13,19,40,2159
MAHARASHTRA,RATNAGIRI,2012,10,12,2,38,1398
MAHARASHTRA,SANGLI,2012,47,41,8,64,2783
MAHARASHTRA,SATARA,2012,65,48,0,166,5042
MAHARASHTRA,SINDHUDURG,2012,8,7,0,11,803
MAHARASHTRA,SOLAPUR COMMR.,2012,18,27,1,53,1992
MAHARASHTRA,SOLAPUR RURAL,2012,92,52,3,151,4476
MAHARASHTRA,THANE COMMR.,2012,110,93,4,330,10144
MAHARASHTRA,THANE RURAL,2012,146,74,6,111,6919
MAHARASHTRA,WARDHA,2012,30,32,0,59,3564
MAHARASHTRA,WASHIM,2012,40,31,6,133,2241
MAHARASHTRA,YAVATMAL,2012,71,71,18,247,6365
MAHARASHTRA,TOTAL,2012,2712,2168,329,7415,202700
